start,end,duration_min,sig_bp,sig_rh,sig_ws,sig_wd,max_bp_drop_60,max_ws_hub
2016-03-18 04:05:00,2016-03-18 06:02:00,117.0,True,False,True,True,-1.6196499999999787,14.344666666666667
2016-03-18 14:35:00,2016-03-18 15:12:00,37.0,False,False,True,True,-0.6926533333333964,9.049166666666666
2016-03-18 18:53:00,2016-03-18 19:40:00,47.0,False,False,True,True,-0.3288833333333514,6.441791666666667
2016-03-19 11:18:00,2016-03-19 11:57:00,39.0,False,False,True,True,-0.31500000000005457,7.7162999999999995
2016-03-20 19:05:00,2016-03-20 19:57:00,52.0,False,False,True,True,-0.5877833333332774,8.635916666666667
2016-03-22 04:28:00,2016-03-22 05:25:00,57.0,False,False,True,True,-0.1871000000001004,12.561916666666667
2016-03-23 11:42:00,2016-03-23 12:15:00,33.0,False,False,True,True,-0.3266166666666095,7.569758333333333
2016-03-24 01:06:00,2016-03-24 01:33:00,27.0,False,False,True,False,-1.3005499999999302,23.198583333333335
2016-03-24 12:45:00,2016-03-24 12:57:00,12.0,True,False,False,False,-1.53449999999998,22.963583333333332
2016-03-26 00:35:00,2016-03-26 01:09:00,34.0,True,False,True,False,-1.8884999999999081,18.679833333333335
2016-03-27 02:19:00,2016-03-27 02:41:00,22.0,False,False,True,False,-0.8536666666667543,13.707333333333334
2016-03-30 01:01:00,2016-03-30 01:17:00,16.0,True,False,False,False,-1.6836666666666815,3.9527
2016-03-30 07:27:00,2016-03-30 08:37:00,70.0,False,True,False,True,-0.22175000000004275,3.939283333333333
2016-03-31 00:07:00,2016-03-31 02:06:00,119.0,True,True,False,True,-2.0492666666666537,4.337624999999999
2016-04-02 14:54:00,2016-04-02 15:31:00,37.0,False,True,False,True,-0.696166666666727,4.3181
2016-04-04 12:37:00,2016-04-04 13:06:00,29.0,False,True,False,True,-0.6623000000000729,6.69055
2016-04-04 14:58:00,2016-04-04 15:48:00,50.0,False,True,False,True,-0.3095500000000584,6.091799999999999
2016-04-08 07:26:00,2016-04-08 08:12:00,46.0,False,False,True,True,0.5010166666667146,8.227258333333333
2016-04-08 22:23:00,2016-04-08 22:52:00,29.0,False,False,True,True,-0.12174999999990632,8.021091666666667
2016-04-09 06:23:00,2016-04-09 06:42:00,19.0,False,True,False,False,0.3258500000000595,6.044625
2016-04-09 13:07:00,2016-04-09 13:34:00,27.0,False,False,False,True,-1.2548000000000457,4.580425
2016-04-09 23:49:00,2016-04-10 00:41:00,52.0,False,True,True,False,-0.5563999999999396,8.796858333333333
2016-04-10 10:24:00,2016-04-10 10:51:00,27.0,False,False,False,True,-0.13683500000001914,7.6962166666666665
2016-04-10 12:25:00,2016-04-10 13:53:00,88.0,False,True,False,True,-0.9012166666666417,8.256666666666668
2016-04-10 15:12:00,2016-04-10 20:10:00,298.0,True,False,True,True,-3.0913716666665323,18.832
2016-04-10 23:01:00,2016-04-10 23:47:00,46.0,False,False,True,True,-0.6818499999999403,8.7075
2016-04-15 14:52:00,2016-04-15 15:41:00,49.0,False,False,True,True,-0.8582666666666228,11.134583333333333
2016-04-15 23:42:00,2016-04-15 23:59:00,17.0,False,False,False,True,-1.079816666666602,4.6368
2016-04-17 08:03:00,2016-04-17 08:58:00,55.0,False,True,True,True,-0.23324999999999818,6.395766666666667
2016-04-18 03:59:00,2016-04-18 04:54:00,55.0,False,False,True,True,0.5763166666666848,12.404333333333334
2016-04-18 10:46:00,2016-04-18 11:14:00,28.0,False,False,True,False,-0.0984333333332188,6.1447166666666675
2016-04-21 01:01:00,2016-04-21 01:33:00,32.0,True,False,False,True,-1.5287166666666963,4.716
2016-04-21 23:29:00,2016-04-21 23:52:00,23.0,False,False,True,False,-0.2705000000000837,9.884083333333333
2016-04-24 04:54:00,2016-04-24 05:58:00,64.0,False,False,True,True,-0.753690000000006,14.320166666666667
2016-04-27 03:50:00,2016-04-27 04:52:00,62.0,False,False,True,True,0.3618816666665907,13.271999999999998
2016-04-27 12:58:00,2016-04-27 14:24:00,86.0,False,True,True,True,-0.8077100000000428,11.364833333333333
2016-04-28 06:29:00,2016-04-28 07:03:00,34.0,False,False,True,True,0.3228633333333164,8.847983333333335
2016-05-01 00:51:00,2016-05-01 03:42:00,171.0,True,True,True,True,-2.1459233333333714,10.540833333333333
2016-05-03 07:56:00,2016-05-03 08:24:00,28.0,True,False,False,False,-1.8698049999999284,12.044
2016-05-03 10:17:00,2016-05-03 10:47:00,30.0,False,False,True,True,-0.40905000000009295,9.468416666666666
2016-05-10 18:28:00,2016-05-10 19:30:00,62.0,False,True,True,True,-0.1498100000001159,13.440416666666668
2016-05-10 20:43:00,2016-05-10 21:35:00,52.0,False,False,True,True,-1.0071033333333617,10.623166666666666
2016-05-11 02:04:00,2016-05-11 03:20:00,76.0,False,False,True,True,-0.9666566666666085,13.014583333333334
2016-05-14 01:01:00,2016-05-14 01:32:00,31.0,True,False,False,True,-2.2180000000000746,6.043933333333333
2016-05-16 05:59:00,2016-05-16 06:57:00,58.0,False,False,True,True,-0.06984499999998661,12.458083333333335
2016-05-21 15:38:00,2016-05-21 16:08:00,30.0,False,False,True,True,-0.5001883333333126,7.203708333333333
2016-05-22 13:19:00,2016-05-22 14:00:00,41.0,False,True,True,True,-0.6297050000000581,6.918675
2016-05-23 14:41:00,2016-05-23 15:10:00,29.0,False,False,True,True,-0.03644166666674664,9.544866666666667
2016-05-23 18:05:00,2016-05-23 18:34:00,29.0,False,False,True,True,-0.14193999999986318,5.306158333333333
2016-06-01 15:46:00,2016-06-01 16:44:00,58.0,False,True,True,False,-1.252641666666591,15.66275
2016-06-03 09:31:00,2016-06-03 10:05:00,34.0,False,False,True,True,-0.11755166666671357,11.364833333333333
2016-06-06 08:21:00,2016-06-06 09:31:00,70.0,False,True,False,True,-0.12236499999994521,8.296700000000001
2016-06-06 12:29:00,2016-06-06 13:06:00,37.0,False,True,True,False,-0.5756616666666332,9.03915
2016-06-09 18:56:00,2016-06-09 19:28:00,32.0,False,False,True,True,0.42275166666661335,6.658949999999999
2016-06-10 13:09:00,2016-06-10 13:31:00,22.0,False,False,False,True,-0.6044266666665408,8.566658333333333
2016-06-11 02:41:00,2016-06-11 03:40:00,59.0,False,True,True,True,-0.3492550000000847,9.850666666666665
2016-06-12 10:11:00,2016-06-12 11:53:00,102.0,True,True,True,False,-1.4947183333332532,22.000666666666667
2016-06-28 01:01:00,2016-06-28 01:21:00,20.0,True,False,False,False,-1.809645000000046,4.9135333333333335
2016-06-28 19:52:00,2016-06-28 20:21:00,29.0,False,False,True,True,0.5803333333333285,6.2772749999999995
2016-06-29 22:21:00,2016-06-29 22:47:00,26.0,False,False,True,False,-0.12543333333348983,7.4011
2016-06-30 22:06:00,2016-06-30 22:40:00,34.0,False,False,True,True,-0.47191666666674337,9.911041666666666
2016-07-02 17:28:00,2016-07-02 18:19:00,51.0,False,False,True,True,0.13617166666676894,10.614666666666668
2016-07-03 18:41:00,2016-07-03 20:27:00,106.0,False,True,True,True,-1.330436666666742,11.505083333333333
2016-07-04 22:32:00,2016-07-04 23:40:00,68.0,False,True,False,True,-0.49785833333316987,6.194341666666666
2016-07-06 19:33:00,2016-07-06 20:04:00,31.0,False,False,True,True,-0.013553333333447881,6.412583333333333
2016-07-07 11:05:00,2016-07-07 12:30:00,85.0,True,False,True,False,-1.9979750000001104,19.381666666666668
2016-07-08 02:15:00,2016-07-08 02:41:00,26.0,True,False,False,False,-1.4466566666666267,14.657333333333334
2016-07-08 05:12:00,2016-07-08 05:58:00,46.0,True,False,True,False,-1.7454483333333428,18.71783333333333
2016-07-08 08:01:00,2016-07-08 08:52:00,51.0,True,False,True,False,-2.6736900000000787,23.42275
2016-07-08 14:59:00,2016-07-08 15:52:00,53.0,False,False,True,True,-0.43693500000006225,17.069
2016-07-08 20:45:00,2016-07-08 21:32:00,47.0,False,False,True,True,-0.19448499999998603,8.209333333333333
2016-07-09 08:51:00,2016-07-09 10:23:00,92.0,False,True,True,True,-0.13886999999999716,12.973333333333333
2016-07-09 12:49:00,2016-07-09 13:34:00,45.0,False,False,True,True,-0.37618000000009033,16.084333333333333
2016-07-11 09:54:00,2016-07-11 10:17:00,23.0,False,True,False,False,0.3978816666666489,14.089166666666667
2016-07-18 05:43:00,2016-07-18 07:37:00,114.0,False,True,True,True,0.09035500000004504,10.178916666666666
2016-08-02 19:31:00,2016-08-02 20:10:00,39.0,False,False,True,True,0.31944499999997333,5.436933333333332
2016-08-16 18:04:00,2016-08-16 18:58:00,54.0,False,False,True,True,0.14676833333328432,9.132249999999999
2016-08-17 16:59:00,2016-08-17 17:49:00,50.0,False,True,True,True,0.11945333333346753,10.006166666666667
2016-08-18 18:23:00,2016-08-18 19:13:00,50.0,False,False,True,True,0.23211666666668407,8.953500000000002
2016-08-18 22:30:00,2016-08-19 00:02:00,92.0,False,True,True,True,-0.24474833333340484,11.989666666666666
2016-08-19 16:59:00,2016-08-19 17:28:00,29.0,False,False,True,True,0.2321266666667725,8.161325
2016-08-28 12:51:00,2016-08-28 13:12:00,21.0,False,True,False,False,-0.5758216666665703,15.588333333333333
2016-09-02 11:44:00,2016-09-02 12:13:00,29.0,False,True,True,False,-0.24899999999990996,11.062999999999999
2016-09-03 00:32:00,2016-09-03 00:48:00,16.0,True,False,False,False,-1.435183333333498,7.27555
2016-09-05 18:26:00,2016-09-05 19:00:00,34.0,False,False,True,True,0.456401666666693,9.641666666666666
2016-09-08 11:57:00,2016-09-08 12:26:00,29.0,False,True,True,False,-0.17240333333324998,13.452083333333334
2016-09-09 19:58:00,2016-09-09 20:52:00,54.0,False,False,True,True,-0.03887666666673795,6.934825
2016-09-13 15:55:00,2016-09-13 16:24:00,29.0,True,False,True,False,-1.43286333333333,15.777833333333334
2016-09-14 01:34:00,2016-09-14 02:04:00,30.0,True,False,True,False,-1.9862249999999904,9.592833333333333
2016-09-14 03:42:00,2016-09-14 05:00:00,78.0,True,False,True,True,-1.4822783333333973,10.641916666666667
2016-09-14 11:12:00,2016-09-14 14:53:00,221.0,True,False,True,False,-2.6914383333332808,15.431
2016-09-14 17:03:00,2016-09-14 18:01:00,58.0,False,True,True,True,1.4467783333333273,15.5275
2016-09-15 06:01:00,2016-09-15 07:43:00,102.0,False,True,True,True,0.5929683333334879,9.800116666666668
2016-09-17 09:36:00,2016-09-17 10:35:00,59.0,False,False,True,True,-0.23433666666664976,12.0505
2016-09-26 18:50:00,2016-09-26 19:21:00,31.0,True,False,True,False,-2.427521666666621,27.955916666666667
2016-09-27 00:22:00,2016-09-27 00:53:00,31.0,True,False,True,False,-2.558303333333356,28.096083333333333
2016-09-27 05:03:00,2016-09-27 05:26:00,23.0,True,False,False,False,-1.479645000000005,26.869749999999996
2016-09-27 06:40:00,2016-09-27 11:55:00,315.0,True,False,True,False,-3.8847583333332523,38.417583333333326
2016-09-27 13:04:00,2016-09-27 15:31:00,147.0,True,False,True,False,-12.063156666666714,55.76641666666667
2016-09-27 21:27:00,2016-09-27 22:22:00,55.0,False,False,True,True,0.7646133333332727,16.18091666666667
2016-09-29 13:23:00,2016-09-29 14:21:00,58.0,False,True,True,True,-1.1370416666667325,9.514
2016-09-29 16:04:00,2016-09-29 16:45:00,41.0,False,False,True,True,0.2648433333333742,8.034691666666667
2016-10-02 10:04:00,2016-10-02 10:53:00,49.0,False,True,False,True,-0.2865116666665699,5.200175
2016-10-06 05:27:00,2016-10-06 05:58:00,31.0,False,False,True,True,-0.28363500000000386,6.990408333333333
2016-10-06 09:25:00,2016-10-06 09:51:00,26.0,False,False,True,False,-0.7797983333333605,8.275908333333334
2016-10-15 19:44:00,2016-10-15 20:12:00,28.0,False,False,True,False,-0.21709166666664714,8.572908333333334
2016-10-16 15:50:00,2016-10-16 16:21:00,31.0,False,True,False,True,0.005636666666759993,3.6388083333333334
2016-10-18 16:52:00,2016-10-18 17:22:00,30.0,False,True,False,True,0.13857499999994616,3.7495000000000003
2016-10-20 00:10:00,2016-10-20 00:28:00,18.0,False,True,False,False,-0.7609133333334057,2.5041166666666665
2016-10-22 00:24:00,2016-10-22 00:54:00,30.0,False,True,False,True,-0.4921833333334007,5.405049999999999
2016-10-22 10:31:00,2016-10-22 11:25:00,54.0,False,True,True,False,-1.1900366666666287,12.656583333333334
2016-11-20 09:39:00,2016-11-25 07:14:00,7055.0,False,True,True,True,-0.39438333333339415,14.42125
2016-11-26 07:25:00,2016-11-26 07:54:00,29.0,False,True,True,True,1.004266666666581,6.471566666666666
2016-11-26 10:35:00,2016-11-26 11:13:00,38.0,False,True,False,True,-0.31690000000014606,7.636858333333333
2016-11-27 08:35:00,2016-11-27 09:06:00,31.0,False,True,True,False,-0.44528333333323644,14.848916666666668
2016-11-27 12:31:00,2016-11-27 14:25:00,114.0,True,True,True,False,-2.5305333333333238,16.143833333333333
2016-11-27 21:08:00,2016-11-27 21:29:00,21.0,True,False,False,False,-1.920466666666698,25.387666666666668
2016-12-06 12:31:00,2016-12-06 13:22:00,51.0,True,False,True,False,-1.8470500000000811,24.689500000000002
2016-12-22 13:06:00,2016-12-22 14:40:00,94.0,False,True,True,True,-0.7566166666667868,13.62125
2016-12-23 11:28:00,2016-12-23 11:38:00,10.0,True,False,False,False,-1.6811166666666395,19.043416666666666
2016-12-27 13:14:00,2016-12-27 13:41:00,27.0,False,False,True,False,-1.3128666666666504,30.676000000000002
2016-12-27 18:38:00,2016-12-27 19:03:00,25.0,True,False,False,False,-1.6459499999999707,32.435583333333334
2017-01-08 05:41:00,2017-01-08 06:21:00,40.0,False,True,False,True,0.2066500000000815,5.127174999999999
2017-01-11 12:58:00,2017-01-11 13:25:00,27.0,False,False,True,False,-1.313099999999963,16.489
2017-01-29 15:39:00,2017-01-29 17:37:00,118.0,False,True,False,True,-0.578366666666625,9.169916666666666
2017-01-30 08:26:00,2017-01-30 09:18:00,52.0,False,True,True,False,0.3734666666667863,17.03091666666667
2017-02-07 11:29:00,2017-02-07 11:56:00,27.0,True,False,False,False,-1.4972000000000207,16.694499999999998
2017-02-08 10:39:00,2017-02-08 11:11:00,32.0,False,False,True,True,0.2624833333331935,8.84525
2017-02-15 10:01:00,2017-02-15 10:53:00,52.0,False,True,False,True,-0.6163999999999987,8.113299999999999
2017-02-16 14:42:00,2017-02-16 15:12:00,30.0,False,True,False,True,-0.5375333333333856,3.763575
2017-02-18 00:24:00,2017-02-18 00:57:00,33.0,False,True,True,False,-0.31321666666656256,11.7155
2017-02-20 12:10:00,2017-02-20 13:06:00,56.0,False,True,True,False,-0.6311333333334233,9.396166666666666
2017-02-20 22:25:00,2017-02-20 23:19:00,54.0,False,True,True,False,-0.6937333333333981,19.776166666666665
2017-02-22 14:59:00,2017-02-22 15:16:00,17.0,True,False,False,False,-1.723100000000045,7.937591666666666
2017-02-23 00:30:00,2017-02-23 01:22:00,52.0,False,True,True,True,-0.7813333333332366,10.2355
2017-02-25 11:37:00,2017-02-25 12:19:00,42.0,True,False,True,False,-1.5878000000000156,17.79675
2017-03-02 03:52:00,2017-03-02 04:33:00,41.0,False,True,True,False,-0.6071833333334098,16.610333333333333
2017-03-05 01:14:00,2017-03-05 02:20:00,66.0,False,True,False,True,-0.17458333333343035,6.701025
2017-03-05 12:21:00,2017-03-05 12:40:00,19.0,True,False,False,False,-1.4660500000001093,5.245025
2017-03-05 15:31:00,2017-03-05 16:04:00,33.0,False,True,False,True,-0.3900183333333871,3.4573833333333335
2017-03-06 03:27:00,2017-03-06 04:25:00,58.0,False,False,True,True,-0.21519999999998163,14.99
2017-03-10 12:22:00,2017-03-10 12:37:00,15.0,False,False,False,True,-1.3779833333333045,3.5343999999999998
2017-03-13 12:04:00,2017-03-13 12:53:00,49.0,False,True,True,True,-1.3274666666667372,8.749166666666667
2017-03-19 08:43:00,2017-03-19 09:28:00,45.0,False,False,True,True,-0.4838833333333241,14.472833333333334
2017-03-20 03:18:00,2017-03-20 03:59:00,41.0,False,False,True,True,-0.7647333333334245,9.707083333333333
2017-03-21 00:11:00,2017-03-21 01:14:00,63.0,False,True,False,True,-1.0319666666666762,4.092658333333333
2017-03-25 00:31:00,2017-03-25 01:07:00,36.0,False,False,True,True,-0.5020833333334167,8.088466666666665
2017-03-29 03:02:00,2017-03-29 03:39:00,37.0,False,True,False,True,-0.4600666666666484,3.4799333333333333
2017-03-29 13:28:00,2017-03-29 13:44:00,16.0,False,True,False,False,-0.852950000000078,6.016991666666667
2017-03-30 23:07:00,2017-03-30 23:50:00,43.0,True,False,True,False,-2.185100000000034,11.134833333333333
2017-03-31 13:28:00,2017-03-31 15:02:00,94.0,False,True,True,True,-1.2505333333331237,21.647499999999997
2017-04-03 13:53:00,2017-04-03 14:35:00,42.0,False,True,True,False,-1.1550166666665973,9.516166666666667
2017-04-04 12:34:00,2017-04-04 13:10:00,36.0,False,True,False,True,-0.9094499999999925,4.940333333333333
2017-04-07 04:17:00,2017-04-07 04:35:00,18.0,True,False,False,False,-2.9561233333333803,14.020000000000001
2017-04-07 08:15:00,2017-04-07 09:06:00,51.0,False,False,True,True,0.3892833333334238,6.795041666666667
2017-04-10 14:23:00,2017-04-10 14:51:00,28.0,False,False,True,False,-1.2497383333333119,16.867583333333336
2017-04-11 11:22:00,2017-04-11 12:20:00,58.0,False,True,True,True,-0.6322166666667499,12.75375
2017-04-20 11:39:00,2017-04-20 12:35:00,56.0,True,False,True,True,-2.1048816666667562,8.864258333333334
2017-04-20 14:47:00,2017-04-20 15:00:00,13.0,False,True,False,False,-0.41581666666661476,6.720983333333333
2017-04-21 01:14:00,2017-04-21 01:33:00,19.0,False,False,True,False,-0.48347000000001117,9.992583333333332
2017-04-21 13:16:00,2017-04-21 13:35:00,19.0,True,False,False,False,-1.5010166666667146,8.71475
2017-04-21 17:08:00,2017-04-21 18:03:00,55.0,False,True,True,True,0.15664166666670098,8.958583333333333
2017-04-21 20:44:00,2017-04-21 21:05:00,21.0,False,False,True,False,0.6209616666666307,14.780333333333333
2017-04-26 18:14:00,2017-04-26 19:05:00,51.0,False,False,True,True,0.23212000000000899,15.126083333333334
2017-05-06 04:34:00,2017-05-06 04:53:00,19.0,False,False,True,False,0.17248333333327537,6.418708333333333
2017-05-13 22:49:00,2017-05-13 23:13:00,24.0,False,False,False,True,-0.590288333333433,4.05245
2017-05-15 01:03:00,2017-05-15 01:15:00,12.0,True,False,False,False,-1.5098316666666278,3.705191666666667
2017-05-19 01:01:00,2017-05-19 01:33:00,32.0,True,False,False,True,-1.6136500000001206,4.654541666666667
2017-05-20 00:48:00,2017-05-20 01:33:00,45.0,True,False,False,True,-2.201713333333373,3.9569
2017-05-24 20:17:00,2017-05-24 21:11:00,54.0,False,False,True,True,-0.04395000000010896,13.45625
2017-06-02 13:58:00,2017-06-02 15:27:00,89.0,False,False,True,True,-0.5397650000001022,15.776250000000001
2017-06-02 19:24:00,2017-06-02 20:17:00,53.0,False,False,True,True,-0.8227966666667044,19.429833333333335
2017-06-03 02:40:00,2017-06-03 03:43:00,63.0,False,True,True,True,-0.17693333333340888,13.4915
2017-06-04 18:18:00,2017-06-04 19:10:00,52.0,False,False,True,True,0.43271499999991647,10.1625
2017-06-04 23:28:00,2017-06-05 00:15:00,47.0,False,True,False,True,-0.16001999999991767,4.400933333333333
2017-06-05 09:15:00,2017-06-05 09:54:00,39.0,False,False,True,True,-0.14615500000002157,8.087441666666667
2017-06-11 18:37:00,2017-06-11 19:13:00,36.0,False,False,True,True,0.3358183333332363,7.285166666666667
2017-06-12 17:43:00,2017-06-12 19:03:00,80.0,False,True,True,True,-0.04332166666665671,9.334525
2017-06-14 03:30:00,2017-06-14 04:11:00,41.0,False,True,True,False,-0.004524999999944157,14.088166666666666
2017-06-14 07:29:00,2017-06-14 08:17:00,48.0,False,False,True,True,0.9962383333333946,18.511499999999998
2017-06-14 09:49:00,2017-06-14 10:22:00,33.0,False,False,True,True,-0.8463649999998779,10.889416666666666
2017-06-14 11:45:00,2017-06-14 12:14:00,29.0,True,False,True,False,-1.6835816666666688,14.7645
2017-06-14 14:11:00,2017-06-14 14:51:00,40.0,False,False,True,True,0.32454999999993106,19.09883333333333
2017-06-17 02:03:00,2017-06-17 02:32:00,29.0,False,False,True,True,-0.15887333333341758,8.61095
2017-06-17 09:07:00,2017-06-17 09:36:00,29.0,False,False,True,True,0.31773166666675934,5.985883333333334
2017-06-17 18:39:00,2017-06-17 20:14:00,95.0,False,False,True,True,0.18705500000010034,5.539275
2017-06-30 17:58:00,2017-06-30 19:29:00,91.0,False,True,True,True,0.22655999999994947,13.24025
2017-07-01 17:39:00,2017-07-01 18:11:00,32.0,False,False,True,True,0.724016666666671,11.852
2017-07-01 23:13:00,2017-07-01 23:48:00,35.0,False,True,False,True,0.07889833333331353,5.943066666666667
2017-07-02 18:19:00,2017-07-02 19:08:00,49.0,False,False,True,True,0.002549999999928332,7.33085
2017-07-03 19:02:00,2017-07-03 19:26:00,24.0,False,False,True,False,0.06650499999989279,5.829208333333334
2017-07-04 16:15:00,2017-07-04 17:03:00,48.0,False,False,True,True,-0.09360833333323626,8.831325
2017-07-09 21:05:00,2017-07-09 21:17:00,12.0,False,False,False,True,0.33153999999990447,4.46345
2017-07-16 18:57:00,2017-07-16 19:29:00,32.0,False,False,True,True,0.11387666666666973,9.088666666666667
2017-07-28 19:12:00,2017-07-28 20:00:00,48.0,False,False,True,True,-0.2908916666666528,9.585175
2017-07-29 12:22:00,2017-07-29 13:58:00,96.0,True,False,True,True,-2.3888866666666217,15.294666666666668
2017-07-29 15:17:00,2017-07-29 16:15:00,58.0,True,False,True,True,-1.6920149999999694,17.63966666666667
2017-07-29 19:03:00,2017-07-29 19:47:00,44.0,True,False,True,False,-2.03984000000014,19.96933333333333
2017-07-31 01:11:00,2017-07-31 01:40:00,29.0,False,False,True,True,0.08227000000010776,12.127833333333335
2017-07-31 14:26:00,2017-07-31 15:33:00,67.0,True,False,True,True,-1.8954033333332063,14.126666666666667
2017-08-01 16:31:00,2017-08-01 16:47:00,16.0,False,True,False,False,0.33150833333320406,9.206933333333334
2017-08-02 15:44:00,2017-08-02 16:31:00,47.0,False,True,False,True,-0.7057033333333038,7.689874999999999
2017-08-07 01:01:00,2017-08-07 01:22:00,21.0,True,False,False,False,-1.6351733333333414,9.006433333333334
2017-08-21 13:35:00,2017-08-21 13:47:00,12.0,True,False,False,False,-1.5579050000000052,18.046666666666667
2017-08-22 02:59:00,2017-08-22 03:53:00,54.0,True,False,False,True,-1.8569766666668102,5.7749
2017-08-22 09:08:00,2017-08-22 09:43:00,35.0,False,False,True,True,0.3290383333333011,5.960983333333333
2017-08-24 19:32:00,2017-08-24 20:01:00,29.0,False,False,True,True,0.13772833333325707,5.726341666666666
2017-08-30 23:26:00,2017-08-30 23:55:00,29.0,False,False,True,True,-0.34299333333331106,5.436116666666667
2017-08-31 01:16:00,2017-08-31 01:54:00,38.0,False,True,False,True,-0.11050499999987551,4.1619
2017-08-31 14:24:00,2017-08-31 15:47:00,83.0,False,True,True,True,-1.2614233333333686,15.85425
2017-09-01 13:12:00,2017-09-01 13:57:00,45.0,True,False,True,True,-1.538741666666624,13.9195
2017-09-02 16:22:00,2017-09-02 17:10:00,48.0,False,True,True,True,0.3754516666666632,8.687583333333333
2017-09-03 18:44:00,2017-09-03 20:22:00,98.0,False,True,True,True,0.32691666666664787,12.907916666666667
2017-09-04 02:52:00,2017-09-04 03:08:00,16.0,False,False,True,False,-0.06313000000000102,7.422091666666667
2017-09-07 15:42:00,2017-09-07 17:31:00,109.0,False,False,True,True,-0.38659999999993033,12.902000000000001
2017-09-20 23:26:00,2017-09-21 01:03:00,97.0,True,True,False,True,-1.7311683333333576,5.607291666666667
2017-09-30 01:14:00,2017-09-30 01:33:00,19.0,False,False,False,True,-0.6265500000000657,4.9940500000000005
2017-10-08 10:17:00,2017-10-08 10:55:00,38.0,True,False,True,False,-1.5984550000000581,12.505833333333333
2017-10-09 02:54:00,2017-10-09 03:08:00,14.0,False,False,False,True,-0.5523416666666208,3.6025
2017-10-09 18:16:00,2017-10-09 18:56:00,40.0,False,True,False,True,0.6020200000000386,4.076391666666666
2017-10-25 12:56:00,2017-10-25 13:24:00,28.0,False,False,True,False,4.80702179487173,18.794416666666663
2017-10-30 10:41:00,2017-10-30 10:58:00,17.0,True,False,False,False,-1.6281999999999925,23.00625
2017-11-03 23:20:00,2017-11-03 23:49:00,29.0,True,False,True,False,-1.6846666666666579,24.413083333333333
2017-11-04 01:43:00,2017-11-04 02:03:00,20.0,True,False,False,False,-1.505633333333435,25.641333333333336
2017-11-04 10:42:00,2017-11-04 11:01:00,19.0,True,False,False,False,-1.5110999999999422,31.39633333333333
2017-11-04 12:10:00,2017-11-04 12:45:00,35.0,True,False,True,False,-1.8829999999999245,31.005083333333335
2017-11-08 07:28:00,2017-11-08 07:43:00,15.0,False,False,True,False,-1.3670333333333247,14.794916666666666
2017-11-17 12:29:00,2017-11-17 13:02:00,33.0,True,False,False,True,-1.4386349999999766,3.7681
2017-11-18 07:10:00,2017-11-18 08:53:00,103.0,False,True,True,True,0.4551500000000033,10.811833333333333
2017-11-20 03:10:00,2017-11-20 03:34:00,24.0,False,False,True,False,-0.5387333333333117,10.516
2017-12-01 12:52:00,2017-12-01 13:16:00,24.0,False,False,True,False,-1.2363166666665393,26.007916666666667
2017-12-02 11:46:00,2017-12-02 12:06:00,20.0,False,False,True,False,-1.3915999999999258,21.38725
2017-12-05 10:35:00,2017-12-05 10:51:00,16.0,True,False,False,False,-1.5458666666667114,22.249
2017-12-08 03:44:00,2017-12-08 04:18:00,34.0,True,False,True,False,-1.674633333333304,24.207
2017-12-08 10:31:00,2017-12-08 11:00:00,29.0,True,False,True,False,-1.8063666666665767,26.59625
2017-12-09 19:57:00,2017-12-09 20:12:00,15.0,False,False,True,False,0.5306666666667752,6.186058333333333
2017-12-10 18:18:00,2017-12-10 18:45:00,27.0,False,False,True,False,-0.040516666666576384,13.105833333333333
2017-12-13 13:27:00,2017-12-13 13:41:00,14.0,True,False,False,False,-1.5493999999998778,14.719833333333334
2017-12-16 12:33:00,2017-12-16 13:02:00,29.0,True,False,True,False,-1.4424499999998943,24.037416666666665
2017-12-16 20:44:00,2017-12-16 21:13:00,29.0,True,False,True,False,-1.6959666666667772,31.375999999999998
2017-12-17 03:00:00,2017-12-17 03:19:00,19.0,False,False,True,False,-0.7481666666667479,30.921
2017-12-19 01:09:00,2017-12-19 01:31:00,22.0,False,False,True,False,-0.8743499999999358,25.611833333333333
2017-12-19 12:37:00,2017-12-19 13:06:00,29.0,True,False,True,False,-2.054399999999873,25.13816666666667
2017-12-25 13:28:00,2017-12-25 13:39:00,11.0,False,False,True,False,-1.2113333333333003,21.776666666666667
2017-12-28 21:16:00,2017-12-28 22:00:00,44.0,False,True,False,True,0.2509333333333643,3.725908333333333
2018-01-03 11:52:00,2018-01-03 13:06:00,74.0,True,False,False,True,-1.88078333333317,4.923841666666666
2018-01-04 07:54:00,2018-01-04 08:24:00,30.0,False,False,True,True,0.45411666666666406,8.426183333333334
2018-01-08 09:55:00,2018-01-08 10:24:00,29.0,False,False,True,True,0.5589666666667199,7.672616666666666
2018-01-08 19:53:00,2018-01-08 20:47:00,54.0,False,False,True,True,-0.2727666666665982,10.949000000000002
2018-01-09 11:03:00,2018-01-09 11:32:00,29.0,True,False,True,False,-1.4557333333333418,17.191000000000003
2018-01-11 01:01:00,2018-01-11 01:19:00,18.0,True,False,False,False,-1.6994833333334327,17.62725
2018-01-11 12:33:00,2018-01-11 13:26:00,53.0,True,True,False,False,-1.8942666666667947,20.453666666666663
2018-01-17 01:43:00,2018-01-17 03:13:00,90.0,False,True,True,True,-0.2704500000000962,8.538666666666668
2018-01-17 06:53:00,2018-01-17 07:41:00,48.0,False,True,True,False,0.5500000000000682,11.113166666666668
2018-02-04 01:54:00,2018-02-04 02:17:00,23.0,True,False,False,False,-1.4492166666666435,21.526583333333335
2018-02-04 10:44:00,2018-02-04 10:58:00,14.0,True,False,False,False,-1.6442333333334318,22.470416666666665
2018-02-14 23:30:00,2018-02-14 23:51:00,21.0,False,False,False,True,-0.388616666666735,3.2957
2018-02-15 01:34:00,2018-02-15 02:29:00,55.0,False,True,False,True,-0.8057999999999765,3.951433333333333
2018-02-15 10:18:00,2018-02-15 11:33:00,75.0,False,True,True,True,-0.6289500000000317,9.567083333333333
2018-02-16 02:11:00,2018-02-16 03:16:00,65.0,False,True,True,True,-0.6546166666666977,9.812416666666667
2018-02-16 19:50:00,2018-02-16 20:37:00,47.0,False,True,True,False,0.08331666666663295,12.39175
2018-02-18 10:23:00,2018-02-18 11:12:00,49.0,False,False,True,True,-0.3829833333332999,8.423475
2018-02-19 12:21:00,2018-02-19 12:46:00,25.0,False,False,False,True,-1.410349999999994,4.629408333333334
2018-02-19 13:59:00,2018-02-19 16:52:00,173.0,True,True,True,True,-2.0229166666666742,10.098833333333333
2018-02-19 22:39:00,2018-02-19 23:15:00,36.0,False,True,True,False,-0.24671666666665715,7.651875
2018-02-24 13:24:00,2018-02-24 13:52:00,28.0,False,False,False,True,-1.2642333333334363,6.881358333333333
2018-02-25 04:12:00,2018-02-25 04:41:00,29.0,False,True,True,True,-0.03385000000002947,7.191458333333333
2018-02-27 05:47:00,2018-02-27 06:16:00,29.0,False,False,True,True,0.5724666666667417,8.514333333333333
2018-02-28 13:32:00,2018-02-28 14:05:00,33.0,False,False,True,True,0.038350000000036744,11.156416666666667
2018-03-03 12:09:00,2018-03-03 12:38:00,29.0,True,False,False,True,-1.4800666666665165,4.797675
2018-03-03 15:08:00,2018-03-03 15:42:00,34.0,False,True,False,True,0.09691666666662968,6.634925
2018-03-05 17:51:00,2018-03-05 19:16:00,85.0,False,True,True,True,0.011899999999855027,17.57575
2018-03-07 12:15:00,2018-03-07 12:45:00,30.0,True,False,True,False,-1.5090333333332637,10.405583333333334
2018-03-08 23:09:00,2018-03-08 23:35:00,26.0,True,False,False,False,-1.4975333333335357,24.252499999999998
2018-03-09 00:57:00,2018-03-09 02:40:00,103.0,True,False,True,False,-2.1478833333333114,26.821916666666667
2018-03-14 01:02:00,2018-03-14 01:33:00,31.0,True,True,False,False,-2.0555166666666764,2.9375
2018-03-14 21:08:00,2018-03-14 22:14:00,66.0,False,True,True,True,-0.5003999999998996,6.445358333333333
2018-03-15 15:35:00,2018-03-15 16:33:00,58.0,False,True,True,False,-0.6965833333333649,14.353833333333332
2018-03-15 19:17:00,2018-03-15 19:27:00,10.0,False,False,True,False,0.2840333333333547,10.201833333333333
2018-03-16 05:02:00,2018-03-16 07:11:00,129.0,False,True,True,True,0.671566666666763,9.762416666666667
2018-03-19 18:42:00,2018-03-19 19:15:00,33.0,False,True,False,True,0.9012166666667554,5.580033333333334
2018-03-20 01:01:00,2018-03-20 01:50:00,49.0,True,True,True,True,-1.8199166666666997,7.647349999999999
2018-03-20 08:44:00,2018-03-20 09:26:00,42.0,False,False,True,True,-0.13551666666671736,16.792416666666668
2018-03-20 13:52:00,2018-03-20 14:26:00,34.0,False,False,True,True,-0.5803166666667039,10.957833333333333
2018-03-26 01:04:00,2018-03-26 01:33:00,29.0,True,False,False,True,-1.5539666666666108,4.0005
2018-03-26 10:12:00,2018-03-26 10:43:00,31.0,False,True,False,True,-0.23069999999995616,4.125608333333334
2018-03-27 05:13:00,2018-03-27 06:37:00,84.0,False,False,True,True,-0.19825000000003,11.43
2018-03-30 13:53:00,2018-03-30 16:26:00,153.0,True,True,True,False,-1.5916499999999587,18.016750000000002
2018-03-31 12:03:00,2018-03-31 12:38:00,35.0,True,True,False,False,-1.7121166666665886,12.192
2018-03-31 22:55:00,2018-03-31 23:37:00,42.0,False,True,False,True,-0.1611166666666577,6.853725000000001
2018-04-06 11:31:00,2018-04-06 12:27:00,56.0,True,False,True,True,-1.823400000000106,21.045583333333333
2018-04-07 01:02:00,2018-04-07 01:33:00,31.0,True,False,True,False,-1.6901333333333923,26.93525
2018-04-11 10:27:00,2018-04-11 10:47:00,20.0,False,True,False,False,-0.4256833333332679,4.924833333333334
2018-04-14 22:09:00,2018-04-14 22:43:00,34.0,False,False,True,True,-1.2885566666666364,7.573275
2018-04-15 03:38:00,2018-04-15 04:25:00,47.0,False,False,True,True,-0.7089433333333091,15.328166666666668
2018-04-29 01:02:00,2018-04-29 01:26:00,24.0,True,False,False,False,-1.4614833333332626,4.189966666666667
2018-05-08 01:47:00,2018-05-08 03:11:00,84.0,False,True,True,True,-0.3584616666666989,18.216833333333334
2018-05-08 11:25:00,2018-05-08 12:10:00,45.0,False,True,False,True,-0.48474166666653673,6.365516666666666
2018-06-05 01:01:00,2018-06-05 01:20:00,19.0,True,False,False,False,-1.6128333333333558,3.0933
2018-06-17 18:52:00,2018-06-17 19:24:00,32.0,False,False,True,True,0.33250166666664427,6.4258500000000005
2018-06-18 02:02:00,2018-06-18 02:25:00,23.0,False,False,False,True,-0.4046483333332844,7.35775
2018-06-18 08:50:00,2018-06-18 09:11:00,21.0,False,True,False,False,0.3979100000000244,9.961375
2018-06-19 15:06:00,2018-06-19 15:39:00,33.0,False,False,True,True,-0.1916599999998425,14.159166666666668
2018-06-22 16:34:00,2018-06-22 16:59:00,25.0,False,False,True,False,-0.5996950000001107,8.834624999999999
2018-06-25 01:01:00,2018-06-25 01:17:00,16.0,True,False,False,False,-1.6402666666666619,4.788116666666667
2018-06-27 20:18:00,2018-06-27 20:40:00,22.0,False,True,False,False,0.13910166666664736,7.419591666666667
2018-06-30 21:30:00,2018-06-30 21:59:00,29.0,False,False,True,True,0.006786666666585006,6.788483333333334
2018-07-02 12:10:00,2018-07-02 12:46:00,36.0,True,False,True,False,-1.694276666666724,12.929333333333334
2018-07-03 10:22:00,2018-07-03 11:02:00,40.0,False,False,True,True,-0.43742500000007567,8.710674999999998
2018-07-04 14:21:00,2018-07-04 15:15:00,54.0,False,True,True,True,-0.8490816666666205,11.747583333333333
2018-07-05 10:22:00,2018-07-05 10:44:00,22.0,False,False,False,True,0.05185333333338349,9.704
2018-07-11 01:01:00,2018-07-11 01:33:00,32.0,True,False,True,False,-2.0178300000001173,19.548833333333334
2018-07-14 08:58:00,2018-07-14 09:11:00,13.0,False,True,False,False,-0.19470666666677516,3.5274583333333336
2018-07-16 20:24:00,2018-07-16 21:33:00,69.0,False,True,False,True,0.004233333333445444,3.9893833333333335
2018-07-18 10:00:00,2018-07-18 10:35:00,35.0,False,True,False,True,-0.3053466666666509,5.154400000000001
2018-07-19 21:39:00,2018-07-19 22:11:00,32.0,False,False,True,True,0.4279749999999467,7.415875
2018-07-22 17:01:00,2018-07-22 17:39:00,38.0,False,False,True,True,-0.5806616666666287,5.294108333333334
2018-07-24 18:47:00,2018-07-24 19:17:00,30.0,False,False,True,True,0.4049766666666983,6.5455749999999995
2018-07-29 00:21:00,2018-07-29 01:10:00,49.0,False,False,True,True,-1.4225850000000264,9.756833333333333
2018-09-09 13:21:00,2018-09-09 13:50:00,29.0,True,False,True,False,-1.4947966666667298,24.815666666666665
2018-09-14 13:34:00,2018-09-14 14:23:00,49.0,True,True,True,False,-1.5223383333332094,11.643
2018-09-15 12:12:00,2018-09-15 15:46:00,214.0,True,True,True,True,-2.3168783333334204,7.7456499999999995
2018-09-15 19:26:00,2018-09-15 20:16:00,50.0,False,True,False,True,0.21524333333331924,4.893925
2018-09-16 22:02:00,2018-09-16 22:51:00,49.0,False,True,False,True,-0.15411666666659585,5.187058333333335
2018-09-24 02:01:00,2018-09-24 02:49:00,48.0,True,False,True,False,-1.6125933333332796,14.476416666666667
2018-09-25 01:01:00,2018-09-25 01:11:00,10.0,True,False,False,False,-1.816006666666567,18.11541666666667
2018-09-25 10:59:00,2018-09-25 11:28:00,29.0,False,True,True,False,-1.3247999999998683,21.173000000000002
2018-09-26 00:51:00,2018-09-26 01:02:00,11.0,True,False,False,False,-2.2635799999999335,22.096083333333333
2018-09-28 10:47:00,2018-09-28 11:16:00,29.0,True,False,True,False,-1.5815650000000687,24.852833333333333
2018-10-01 12:00:00,2018-10-01 12:36:00,36.0,False,True,True,False,-1.3906666666666752,16.436
2018-10-11 12:13:00,2018-10-11 12:56:00,43.0,True,False,True,False,-1.7258166666666739,24.79566666666667
2018-10-28 01:04:00,2018-10-28 01:33:00,29.0,True,False,True,False,-1.809333333333484,16.683500000000002
2018-10-29 08:22:00,2018-10-29 09:15:00,53.0,False,True,True,False,-0.8309333333332916,18.934416666666664
2018-10-29 12:55:00,2018-10-29 13:24:00,29.0,True,True,False,False,-1.628951666666694,20.17275
2018-10-31 18:12:00,2018-10-31 18:35:00,23.0,True,False,False,False,-1.5060833333333221,22.857
2018-11-01 00:40:00,2018-11-01 01:09:00,29.0,True,False,True,False,-2.1422000000000025,21.1785
2018-11-01 08:31:00,2018-11-01 09:00:00,29.0,True,False,True,False,-1.4485333333333301,23.720583333333334
2018-11-01 10:35:00,2018-11-01 11:15:00,40.0,True,False,True,False,-1.782416666666677,27.254250000000003
2018-11-11 09:21:00,2018-11-11 10:28:00,67.0,False,True,True,False,-0.24223333333327446,9.49325
2018-11-12 09:53:00,2018-11-12 10:50:00,57.0,True,False,False,True,-1.831916666666757,7.364191666666667
2018-11-18 13:03:00,2018-11-18 13:26:00,23.0,False,False,False,True,-1.2507000000000517,5.887866666666667
2018-11-25 11:35:00,2018-11-25 12:04:00,29.0,False,True,False,True,-0.7239000000000715,3.6936166666666663
2018-11-25 19:01:00,2018-11-25 19:34:00,33.0,False,True,False,True,0.5468166666667003,4.641641666666667
2018-11-25 20:36:00,2018-11-25 21:17:00,41.0,False,False,True,True,-0.9423833333332823,6.787
2018-11-26 12:23:00,2018-11-26 13:13:00,50.0,False,True,False,True,-0.9435666666665838,5.79115
2018-11-28 10:49:00,2018-11-28 11:40:00,51.0,False,False,True,True,-0.4891333333333705,8.899916666666666
2018-12-04 20:26:00,2018-12-04 20:57:00,31.0,False,True,True,False,0.06618333333324244,12.866083333333332
2018-12-09 11:54:00,2018-12-09 12:23:00,29.0,True,False,True,False,-2.097916666666606,22.749583333333334
2018-12-20 15:23:00,2018-12-20 15:53:00,30.0,False,True,False,True,0.04288333333340688,6.079808333333333
2018-12-27 10:25:00,2018-12-27 11:53:00,88.0,True,False,True,False,-1.9660333333331437,24.844166666666666
2019-01-12 01:27:00,2019-01-12 02:25:00,58.0,False,True,True,True,-0.5473833333333005,5.725475
2019-01-12 04:49:00,2019-01-12 05:34:00,45.0,False,False,True,True,0.1207166666666808,8.9495
2019-01-20 00:45:00,2019-01-20 01:14:00,29.0,False,False,True,True,-0.7420833333333121,6.044933333333333
2019-01-31 00:29:00,2019-01-31 00:58:00,29.0,False,True,False,True,-0.42964999999992415,3.2794499999999998
2019-01-31 04:40:00,2019-01-31 05:37:00,57.0,False,True,True,True,0.29949999999996635,5.8583
2019-01-31 09:00:00,2019-01-31 09:29:00,29.0,False,True,False,True,0.966666666666697,4.71795
2019-01-31 18:28:00,2019-01-31 20:44:00,136.0,False,True,True,False,-0.3492999999999711,16.956249999999997
2019-02-05 14:00:00,2019-02-05 14:31:00,31.0,False,False,True,True,-0.8107499999998709,6.8598833333333324
2019-02-15 23:55:00,2019-02-16 00:20:00,25.0,False,False,True,False,-0.26251666666678375,8.435608333333334
2019-02-19 00:35:00,2019-02-19 02:48:00,133.0,True,False,True,True,-1.4588166666666211,18.112333333333332
2019-02-19 09:26:00,2019-02-19 11:55:00,149.0,False,True,False,True,-0.19966666666664423,7.9064250000000005
2019-02-22 04:51:00,2019-02-22 05:21:00,30.0,False,False,True,True,-0.2215166666666164,8.6685
2019-02-26 01:01:00,2019-02-26 01:15:00,14.0,True,False,False,False,-1.4797000000000935,12.729000000000001
2019-02-28 00:44:00,2019-02-28 01:37:00,53.0,True,True,False,True,-1.8263666666666722,5.476008333333333
2019-03-03 07:59:00,2019-03-03 08:42:00,43.0,False,False,True,True,-0.50912500000004,7.098608333333333
2019-03-03 09:47:00,2019-03-03 11:02:00,75.0,False,True,True,True,0.471149999999966,16.865583333333333
2019-03-03 19:26:00,2019-03-03 20:50:00,84.0,False,True,True,True,0.05844999999999345,11.476500000000001
2019-03-06 10:43:00,2019-03-06 11:41:00,58.0,False,True,True,True,0.03660000000002128,11.855416666666667
2019-03-09 11:47:00,2019-03-09 11:59:00,12.0,False,False,False,True,-0.8418333333331702,8.270791666666668
2019-03-10 00:08:00,2019-03-10 00:37:00,29.0,False,False,True,True,0.33246666666661895,15.409416666666667
2019-03-10 02:35:00,2019-03-10 03:04:00,29.0,False,False,True,True,-0.7587999999999511,7.175458333333333
2019-03-10 08:40:00,2019-03-10 09:38:00,58.0,False,True,True,True,0.15221666666661804,9.884416666666667
2019-03-10 14:31:00,2019-03-10 15:28:00,57.0,False,False,True,True,-1.0753333333334467,9.399833333333333
2019-03-10 23:40:00,2019-03-11 00:22:00,42.0,True,False,False,True,-2.6151833333333343,7.107766666666667
2019-03-14 08:17:00,2019-03-14 08:57:00,40.0,False,True,False,True,0.38220000000001164,5.156325000000001
2019-03-14 12:06:00,2019-03-14 12:32:00,26.0,True,False,False,False,-1.4993499999999358,3.74345
2019-03-16 12:30:00,2019-03-16 12:45:00,15.0,False,False,False,True,-1.309949999999958,4.388533333333333
2019-03-17 05:26:00,2019-03-17 06:12:00,46.0,False,True,True,False,-0.27518333333330247,10.411416666666668
2019-03-18 01:37:00,2019-03-18 02:29:00,52.0,False,False,True,True,-0.7732833333334383,10.048333333333334
2019-03-25 03:48:00,2019-03-25 04:25:00,37.0,False,False,True,True,-0.19429999999999836,11.823666666666668
2019-03-25 08:40:00,2019-03-25 09:15:00,35.0,False,False,True,True,0.3947166666666817,7.558241666666667
2019-03-25 11:45:00,2019-03-25 12:12:00,27.0,False,False,True,False,-0.21851666666680103,12.4085
2019-03-25 13:49:00,2019-03-25 14:27:00,38.0,True,False,False,True,-2.0550833333333003,6.292674999999999
2019-03-31 10:58:00,2019-03-31 11:32:00,34.0,False,False,True,True,-0.15345000000002074,14.939166666666667
2019-04-02 14:38:00,2019-04-02 15:16:00,38.0,False,False,True,True,-0.8892499999999472,9.72775
2019-04-06 04:50:00,2019-04-06 05:35:00,45.0,True,False,False,True,-3.998266666666723,4.201688888888889
2019-04-13 19:17:00,2019-04-13 19:56:00,39.0,False,False,True,True,0.5804500000000417,9.180583333333333
2019-04-13 22:22:00,2019-04-14 00:31:00,129.0,True,True,True,True,-1.7158666666667841,10.700083333333332
2019-04-16 18:22:00,2019-04-16 18:53:00,31.0,False,False,True,True,0.06986666666671226,8.327816666666667
2019-04-19 06:02:00,2019-04-19 06:32:00,30.0,True,False,False,True,-1.5218033333333096,9.671166666666666
2019-04-19 08:50:00,2019-04-19 09:24:00,34.0,True,False,False,True,-1.9389150000000654,10.561583333333333
2019-04-19 10:56:00,2019-04-19 11:52:00,56.0,False,True,True,True,-0.2718766666665715,9.092083333333333
2019-04-19 16:15:00,2019-04-19 17:11:00,56.0,True,False,True,True,-2.3087533333333567,8.389375000000001
2019-04-20 04:13:00,2019-04-20 04:36:00,23.0,False,True,False,False,0.2581316666665998,4.872816666666667
2019-04-20 19:11:00,2019-04-20 19:42:00,31.0,False,False,True,True,0.06035833333339724,6.21095
2019-04-21 01:03:00,2019-04-21 02:31:00,88.0,True,False,True,True,-1.4395783333333156,15.723749999999999
2019-04-21 14:39:00,2019-04-21 15:24:00,45.0,False,True,True,True,-0.4188766666668471,9.94305
2019-04-21 18:42:00,2019-04-21 19:33:00,51.0,False,True,True,True,-0.43711166666662393,9.878583333333333
2019-04-22 23:17:00,2019-04-23 00:37:00,80.0,True,False,True,True,-4.426898333333384,15.158833333333334
2019-04-23 02:29:00,2019-04-23 03:05:00,36.0,False,True,True,False,0.8874883333334083,12.815666666666667
2019-04-25 19:36:00,2019-04-25 19:47:00,11.0,False,False,True,False,0.7345500000001266,8.131958333333333
2019-04-26 09:23:00,2019-04-26 09:36:00,13.0,False,True,False,False,-0.18231666666667934,5.687875
2019-04-26 22:29:00,2019-04-27 00:45:00,136.0,True,False,True,True,-4.618526666666639,12.687583333333333
2019-04-27 12:01:00,2019-04-27 12:30:00,29.0,True,False,True,False,-1.8479666666665935,15.000916666666667
2019-06-01 01:01:00,2019-06-01 01:20:00,19.0,True,False,False,False,-1.5818566666666811,3.1833833333333335
2019-06-10 10:31:00,2019-06-10 14:07:00,216.0,False,True,True,True,-1.1258333333332757,13.08175
2019-06-11 04:34:00,2019-06-11 05:09:00,35.0,True,False,True,False,-1.5637283333333016,13.439583333333333
2019-06-11 08:37:00,2019-06-11 09:27:00,50.0,False,False,True,True,-0.7141766666666172,14.483666666666666
2019-06-11 19:43:00,2019-06-11 20:11:00,28.0,False,False,True,False,0.3526950000001534,7.6377749999999995
2019-06-16 19:40:00,2019-06-16 20:23:00,43.0,False,False,True,True,0.43864666666684116,6.887541666666667
2019-06-17 19:34:00,2019-06-17 20:27:00,53.0,False,False,True,True,-0.012384999999994761,12.670250000000001
2019-06-18 01:20:00,2019-06-18 01:33:00,13.0,False,False,False,True,-0.6860316666666222,4.260508333333334
2019-06-20 01:01:00,2019-06-20 01:24:00,23.0,True,False,False,False,-1.8743899999999485,8.269933333333334
2019-06-23 08:36:00,2019-06-23 09:28:00,52.0,False,True,True,False,0.1522616666667318,16.163333333333334
2019-06-23 12:16:00,2019-06-23 13:09:00,53.0,False,False,True,True,-0.8490566666666837,16.943416666666664
2019-06-23 17:36:00,2019-06-23 19:33:00,117.0,False,True,True,True,-0.11775500000010197,7.3744499999999995
2019-06-24 03:35:00,2019-06-24 04:59:00,84.0,False,False,True,True,0.03330666666670368,11.704166666666666
2019-06-24 09:42:00,2019-06-24 11:04:00,82.0,False,True,True,True,-0.7598233333333155,7.475758333333333
2019-06-24 12:22:00,2019-06-24 12:50:00,28.0,False,False,False,True,-0.8594066666667004,7.916183333333334
2019-06-25 04:25:00,2019-06-25 04:36:00,11.0,False,False,False,True,0.08253666666666959,3.887033333333333
2019-06-25 11:30:00,2019-06-25 12:17:00,47.0,False,True,True,True,-0.7308616666666694,6.841158333333333
2019-06-26 09:36:00,2019-06-26 10:09:00,33.0,False,True,True,False,-0.0699166666668134,9.641166666666667
2019-06-27 10:31:00,2019-06-27 11:03:00,32.0,False,True,True,False,0.1396233333333612,14.931750000000001
2019-06-30 18:12:00,2019-06-30 18:42:00,30.0,False,True,False,True,-0.05518833333337625,6.6404250000000005
2019-07-02 14:12:00,2019-07-02 14:47:00,35.0,False,True,True,False,-0.744760000000042,15.698083333333333
2019-07-03 05:30:00,2019-07-03 05:46:00,16.0,False,False,True,False,0.2583516666667265,11.465083333333332
2019-07-04 16:01:00,2019-07-04 16:31:00,30.0,True,False,True,False,-1.4682283333333999,12.043083333333335
2019-07-05 10:55:00,2019-07-05 11:46:00,51.0,False,True,True,True,-0.8948816666667199,20.1575
2019-07-06 13:13:00,2019-07-06 14:53:00,100.0,True,False,True,True,-1.4384816666666893,11.163
2019-07-10 12:49:00,2019-07-10 13:39:00,50.0,False,True,True,False,-0.5392449999999371,17.165
2019-07-10 17:07:00,2019-07-10 17:52:00,45.0,False,True,True,False,0.46797833333334893,15.301499999999999
2019-07-11 07:17:00,2019-07-11 08:12:00,55.0,False,True,True,True,0.33547166666664907,10.274916666666666
2019-07-11 13:04:00,2019-07-11 13:34:00,30.0,False,True,False,True,-0.7852316666666184,13.00575
2019-07-17 01:01:00,2019-07-17 01:33:00,32.0,True,False,False,True,-1.8955399999999827,4.630441666666667
2019-07-17 12:22:00,2019-07-17 13:13:00,51.0,False,True,True,True,-1.4220800000000509,12.209833333333332
2019-07-17 15:33:00,2019-07-17 17:16:00,103.0,True,False,True,False,-1.6365933333332805,18.644
2019-07-19 09:41:00,2019-07-19 10:12:00,31.0,False,False,True,True,0.7002249999999322,6.064375
2019-07-21 11:20:00,2019-07-21 11:50:00,30.0,False,True,True,True,-0.7460066666666307,11.461
2019-07-21 15:53:00,2019-07-21 16:14:00,21.0,False,False,True,False,-0.9467349999999897,15.473583333333334
2019-07-22 20:39:00,2019-07-22 21:07:00,28.0,False,False,True,False,0.1508450000000039,7.569333333333333
2019-07-27 18:57:00,2019-07-27 19:09:00,12.0,False,False,True,False,0.5120016666668334,8.378708333333332
2019-08-01 17:33:00,2019-08-01 18:35:00,62.0,False,True,False,True,-0.2529183333332412,6.999608333333333
2019-08-02 19:15:00,2019-08-02 20:10:00,55.0,False,False,True,True,-0.22610166666652276,9.124666666666666
2019-08-05 20:42:00,2019-08-05 21:22:00,40.0,False,False,True,True,0.17558166666663055,8.892416666666666
2019-08-08 16:53:00,2019-08-08 17:16:00,23.0,True,False,False,False,-1.4456766666665999,20.316583333333334
2019-08-09 01:12:00,2019-08-09 01:33:00,21.0,False,False,True,False,-0.7633849999999711,17.008166666666668
2019-08-09 18:02:00,2019-08-09 18:34:00,32.0,False,True,True,False,0.25478499999996984,14.035416666666666
2019-08-09 21:57:00,2019-08-09 23:08:00,71.0,True,False,True,True,-1.522486666666623,18.571749999999998
2019-08-10 01:01:00,2019-08-10 01:33:00,32.0,True,False,True,False,-1.6576750000000402,18.30916666666667
2019-08-12 10:03:00,2019-08-12 10:32:00,29.0,False,False,True,True,-0.23921666666660713,9.46245
2019-08-15 01:01:00,2019-08-15 01:33:00,32.0,True,False,True,False,-2.0027083333333167,17.147916666666667
2019-08-15 04:04:00,2019-08-15 04:22:00,18.0,False,False,False,True,-0.11727333333340084,10.094166666666666
2019-08-16 01:01:00,2019-08-16 01:25:00,24.0,True,False,False,False,-2.405589999999961,11.139583333333334
2019-08-16 12:44:00,2019-08-16 12:57:00,13.0,False,True,False,False,-0.148824999999988,8.392733333333332
2019-08-19 15:26:00,2019-08-19 18:01:00,155.0,False,False,True,True,-0.360828333333302,9.45375
2019-08-23 21:51:00,2019-08-24 00:06:00,135.0,False,False,True,True,-0.9330649999999423,8.353299999999999
2019-08-24 08:24:00,2019-08-24 08:54:00,30.0,True,False,False,True,-1.9644799999999805,5.80225
2019-08-24 10:21:00,2019-08-24 16:25:00,364.0,True,False,True,True,-2.977923333333365,15.211916666666667
2019-08-24 18:23:00,2019-08-24 20:20:00,117.0,False,True,True,True,0.7566583333333483,19.356416666666668
2019-08-25 12:55:00,2019-08-25 13:24:00,29.0,True,False,False,True,-1.5093333333334158,6.308358333333333
2019-08-25 14:33:00,2019-08-25 16:34:00,121.0,False,True,True,True,-0.4376399999999876,11.056083333333333
2019-08-26 12:59:00,2019-08-26 13:10:00,11.0,True,False,False,False,-93.05859166666653,9.3325
2019-08-30 15:08:00,2019-08-30 15:39:00,31.0,False,False,True,True,-0.6873733333334258,9.757333333333333
2019-09-01 10:10:00,2019-09-01 10:39:00,29.0,False,True,False,True,-0.4508366666666461,3.837458333333333
2019-09-01 16:56:00,2019-09-01 17:48:00,52.0,False,False,True,True,-1.1157400000000735,7.436491666666667
2019-09-18 01:01:00,2019-09-18 01:33:00,32.0,True,False,True,False,-2.0286166666666077,18.57725
2019-09-18 12:17:00,2019-09-18 12:46:00,29.0,True,False,True,False,-1.616363333333311,25.250083333333336
2019-09-20 07:51:00,2019-09-20 08:01:00,10.0,False,False,True,False,-0.2991899999999532,22.104833333333332
2019-09-21 22:03:00,2019-09-21 22:21:00,18.0,False,False,False,True,-0.8824483333334001,10.679166666666667
2019-09-29 08:10:00,2019-09-29 08:28:00,18.0,False,False,True,False,-0.05863666666664358,11.199916666666667
2019-09-29 13:24:00,2019-09-29 13:45:00,21.0,False,False,True,False,-0.7115716666666003,16.615916666666664
2019-09-29 15:14:00,2019-09-29 15:47:00,33.0,True,False,True,False,-1.8718900000000076,18.639333333333333
2019-09-30 04:39:00,2019-09-30 05:14:00,35.0,True,False,True,False,-2.0466666666666242,17.886583333333334
2019-09-30 17:11:00,2019-09-30 17:44:00,33.0,True,False,True,False,-2.426683333333358,31.29475
2019-10-01 13:21:00,2019-10-01 13:51:00,30.0,False,False,True,True,-0.9486316666666426,11.47175
2019-10-14 18:23:00,2019-10-14 18:46:00,23.0,False,True,False,False,-0.2931833333333316,24.535333333333334
2019-11-01 12:43:00,2019-11-01 13:06:00,23.0,True,False,False,False,-1.9054733333334752,18.463500000000003
2019-11-05 01:13:00,2019-11-05 01:33:00,20.0,False,False,True,False,-0.9686599999999999,21.172333333333334
2019-11-14 01:01:00,2019-11-14 01:31:00,30.0,True,False,True,False,-2.7886666666666997,25.84708333333333
2019-11-18 01:01:00,2019-11-18 01:51:00,50.0,True,True,False,True,-2.173116666666715,4.693691666666666
2019-11-18 11:23:00,2019-11-18 12:08:00,45.0,True,False,True,False,-1.7533266666667942,23.744166666666665
2019-11-19 13:47:00,2019-11-19 14:10:00,23.0,True,False,False,False,-1.5950866666665888,26.272750000000002
2019-11-21 11:07:00,2019-11-21 11:36:00,29.0,True,False,True,False,-1.5300500000001875,17.762166666666666
2019-12-05 13:11:00,2019-12-05 13:49:00,38.0,True,False,True,False,-1.746283333333281,26.015166666666666
2019-12-05 21:21:00,2019-12-05 21:41:00,20.0,True,False,False,False,-1.6727166666667017,27.614666666666665
2019-12-05 22:46:00,2019-12-06 00:00:00,74.0,True,False,True,False,-2.824916666666809,29.179250000000003
2019-12-06 01:16:00,2019-12-06 03:42:00,146.0,True,False,True,False,-1.8420833333332212,28.961000000000002
2019-12-06 09:49:00,2019-12-06 10:27:00,38.0,True,False,True,False,-1.6018333333332748,27.91525
2019-12-07 12:48:00,2019-12-07 13:17:00,29.0,True,False,True,False,-1.5238500000000386,27.817166666666665
2019-12-17 06:53:00,2019-12-17 07:56:00,63.0,False,True,True,False,0.2600833333333412,6.1071083333333345
2019-12-18 04:11:00,2019-12-18 05:04:00,53.0,False,True,True,True,0.05303333333336013,9.969333333333335
2019-12-22 10:15:00,2019-12-22 11:08:00,53.0,False,True,True,True,-0.6131333333332805,6.043808333333334
2019-12-26 12:27:00,2019-12-26 12:49:00,22.0,False,False,True,False,-1.300366666666605,12.631333333333334
2019-12-29 02:55:00,2019-12-29 03:40:00,45.0,True,False,False,True,-1.5297166666667863,3.673683333333334
2019-12-29 05:24:00,2019-12-29 05:53:00,29.0,False,False,True,True,0.2768500000000813,5.9961
2019-12-30 09:58:00,2019-12-30 10:35:00,37.0,False,True,True,True,0.5464999999999236,8.096941666666666
2020-01-06 01:15:00,2020-01-06 01:33:00,18.0,False,False,False,True,-0.3573833333332459,3.426675
2020-01-07 14:12:00,2020-01-07 14:54:00,42.0,True,False,False,True,-1.4789500000000544,5.060566666666666
2020-01-07 22:39:00,2020-01-07 23:35:00,56.0,False,True,False,True,0.030216666666660785,6.278691666666667
2020-01-11 01:01:00,2020-01-11 01:31:00,30.0,True,False,False,True,-1.7874000000001615,3.919583333333333
2020-01-14 02:19:00,2020-01-14 02:35:00,16.0,False,False,True,False,-0.4255666666666684,11.834916666666668
2020-01-14 11:19:00,2020-01-14 11:39:00,20.0,False,False,True,False,-0.9022833333333438,10.125333333333334
2020-01-26 01:34:00,2020-01-26 02:03:00,29.0,True,False,True,False,-2.160319999999956,17.414749999999998
2020-01-26 03:12:00,2020-01-26 03:22:00,10.0,False,False,True,False,-1.2053866666666408,18.984916666666663
2020-01-26 04:58:00,2020-01-26 05:08:00,10.0,True,False,False,False,-2.352616666666677,18.99875
2020-01-26 17:07:00,2020-01-26 17:43:00,36.0,True,False,True,False,-2.354391666666743,17.324833333333334
2020-01-26 23:22:00,2020-01-26 23:44:00,22.0,False,False,True,False,0.7390149999998812,9.983500000000001
2020-01-28 01:13:00,2020-01-28 01:33:00,20.0,False,False,True,False,0.4035166666666328,14.504166666666666
2020-02-02 08:08:00,2020-02-02 08:41:00,33.0,False,False,True,True,0.43506666666667115,7.742075
2020-02-06 12:47:00,2020-02-06 13:37:00,50.0,True,True,False,False,-1.6607333333333827,6.036333333333333
2020-02-12 11:44:00,2020-02-12 12:36:00,52.0,False,True,False,True,-0.9030333333333829,5.153866666666667
2020-02-12 16:25:00,2020-02-12 16:58:00,33.0,False,True,True,False,-0.10711666666657038,6.639266666666666
2020-02-13 04:18:00,2020-02-13 04:49:00,31.0,False,False,True,True,-0.5661666666667315,7.079366666666667
2020-02-13 14:33:00,2020-02-13 15:08:00,35.0,False,True,False,True,-0.08800000000007913,4.972916666666666
2020-02-13 20:20:00,2020-02-13 22:35:00,135.0,True,False,True,True,-2.365316666666672,13.89125
2020-02-14 00:30:00,2020-02-14 02:08:00,98.0,True,True,False,True,-2.0856500000001006,6.622816666666667
2020-02-14 12:21:00,2020-02-14 13:16:00,55.0,False,True,True,False,-0.9641666666666424,9.42325
2020-02-14 21:53:00,2020-02-14 22:22:00,29.0,False,True,True,False,0.07309999999995398,6.974816666666666
2020-02-15 09:12:00,2020-02-15 10:09:00,57.0,False,True,True,True,-0.7690833333333558,7.822699999999999
2020-02-16 07:44:00,2020-02-16 08:22:00,38.0,True,False,True,False,-1.7255833333332475,19.985166666666665
2020-02-16 14:05:00,2020-02-16 14:35:00,30.0,True,False,True,False,-1.6583166666665647,26.70791666666667
2020-02-17 01:10:00,2020-02-17 01:33:00,23.0,False,False,True,False,-0.8995833333333394,21.91675
2020-02-18 02:02:00,2020-02-18 02:36:00,34.0,False,True,True,False,-0.849933333333297,21.392
2020-02-25 05:23:00,2020-02-25 06:29:00,66.0,False,True,False,True,0.2501833333333252,5.231450000000001
2020-04-01 00:00:00,2020-04-01 01:28:00,88.0,True,True,True,True,-3.10245000000009,6.726941666666666
2020-04-04 02:42:00,2020-04-04 03:10:00,28.0,False,False,True,False,-0.6110000000001037,11.887
2020-04-06 23:04:00,2020-04-06 23:34:00,30.0,False,False,True,True,0.37693333333334067,8.463083333333334
2020-04-15 01:30:00,2020-04-15 02:14:00,44.0,False,True,False,True,-1.0238333333333003,4.458841666666666
2020-04-15 11:07:00,2020-04-15 11:54:00,47.0,False,True,False,True,-1.161299999999983,4.584233333333334
2020-04-19 10:37:00,2020-04-19 11:23:00,46.0,False,True,False,True,-0.0454499999999598,9.825666666666667
2020-04-21 01:11:00,2020-04-21 01:33:00,22.0,False,False,False,True,-0.6203333333332921,3.5184833333333336
2020-04-21 07:03:00,2020-04-21 07:39:00,36.0,False,False,True,True,0.25014999999996235,7.116725
2020-04-25 01:23:00,2020-04-25 01:33:00,10.0,False,False,False,True,-0.6425499999999147,4.080608333333333
2020-04-26 05:12:00,2020-04-26 05:39:00,27.0,False,False,True,False,0.37381666666658475,8.117216666666668
2020-05-01 02:14:00,2020-05-01 02:44:00,30.0,False,True,False,True,-0.6326916666666875,3.44585
2020-05-01 11:46:00,2020-05-01 12:21:00,35.0,False,True,False,True,-0.8051833333333889,4.433941666666667
2020-05-06 01:04:00,2020-05-06 01:33:00,29.0,True,False,True,False,-2.688293333333263,13.736250000000002
2020-05-07 04:28:00,2020-05-07 05:25:00,57.0,False,False,True,True,-0.0011183333332382972,11.76325
2020-05-07 21:14:00,2020-05-07 21:51:00,37.0,False,True,False,True,0.07104333333336399,5.5195
2020-05-10 11:06:00,2020-05-10 11:44:00,38.0,False,True,True,True,-0.6980016666666415,10.283666666666665
2020-05-10 23:13:00,2020-05-10 23:46:00,33.0,False,False,True,True,-0.7555083333334096,7.8711416666666665
2020-05-16 16:52:00,2020-05-16 17:48:00,56.0,False,False,True,True,-0.0541483333333872,11.153333333333332
2020-05-18 18:13:00,2020-05-18 18:39:00,26.0,True,False,False,False,-1.7843966666666802,11.399166666666666
2020-05-19 04:38:00,2020-05-19 05:14:00,36.0,False,False,True,True,-0.7420416666668643,9.88815
2020-05-19 16:23:00,2020-05-19 17:01:00,38.0,False,False,True,True,0.29318833333331895,9.109316666666668
2020-05-19 21:45:00,2020-05-19 22:20:00,35.0,False,False,True,True,0.028188333333332594,6.279425
2020-05-22 00:22:00,2020-05-22 01:18:00,56.0,True,False,True,False,-2.188753333333352,11.778833333333335
2020-05-22 11:36:00,2020-05-22 13:18:00,102.0,True,False,True,True,-1.9294099999999617,7.888466666666666
2020-05-26 01:17:00,2020-05-26 01:33:00,16.0,False,False,False,True,0.0022483333332274924,4.4297
2020-05-26 12:30:00,2020-05-26 12:53:00,23.0,True,False,False,False,-2.0543766666667125,11.392333333333333
2020-05-27 08:18:00,2020-05-27 09:08:00,50.0,False,False,True,True,0.07780166666657351,9.968833333333334
2020-05-30 12:23:00,2020-05-30 12:34:00,11.0,False,False,True,False,-0.6762449999999944,14.64775
2020-06-07 10:06:00,2020-06-07 12:25:00,139.0,False,True,True,True,-0.6646783333333133,9.994
2020-06-07 13:56:00,2020-06-07 14:50:00,54.0,False,False,True,True,-0.6755066666665925,9.084333333333333
2020-06-08 14:17:00,2020-06-08 15:19:00,62.0,False,True,True,True,0.2052366666666785,13.876249999999999
2020-06-09 16:18:00,2020-06-09 17:28:00,70.0,False,True,True,True,-0.14171833333330142,13.470499999999998
2020-06-14 07:28:00,2020-06-14 07:58:00,30.0,False,False,True,True,0.1037933333334422,10.365083333333335
2020-06-21 09:04:00,2020-06-21 09:56:00,52.0,False,False,True,True,-0.9048349999999346,14.367416666666667
2020-06-23 01:01:00,2020-06-23 01:13:00,12.0,True,False,False,False,-2.190845000000081,8.960666666666667
2020-07-01 14:05:00,2020-07-01 14:34:00,29.0,False,False,True,True,-0.6885583333333898,14.664333333333333
2020-07-06 08:15:00,2020-07-06 08:47:00,32.0,False,False,True,True,0.17033000000014908,12.324166666666667
2020-07-15 00:59:00,2020-07-15 01:37:00,38.0,True,False,True,True,-1.8679483333332882,8.854500000000002
2020-07-15 10:21:00,2020-07-15 11:13:00,52.0,False,True,True,True,-0.8021549999999706,13.342833333333333
2020-07-15 14:48:00,2020-07-15 15:18:00,30.0,False,True,True,False,-0.9459066666667013,14.182083333333331
2020-07-20 18:45:00,2020-07-20 19:14:00,29.0,False,False,True,True,0.4534366666666756,8.240575
2020-07-25 05:29:00,2020-07-25 07:22:00,113.0,False,False,True,True,-0.3282649999999876,11.104833333333334
2020-07-28 17:37:00,2020-07-28 18:24:00,47.0,False,False,True,True,0.3508000000000493,10.359666666666666
2020-08-02 01:01:00,2020-08-02 01:11:00,10.0,True,False,False,False,-2.2966533333333246,3.589691666666667
2020-08-02 22:09:00,2020-08-02 22:50:00,41.0,False,False,True,True,-0.212043333333213,7.0225333333333335
2020-08-04 01:01:00,2020-08-04 01:27:00,26.0,True,False,False,False,-1.9498400000001084,11.772
2020-08-07 00:54:00,2020-08-07 01:33:00,39.0,True,True,False,False,-2.030439999999885,4.168691666666667
2020-08-11 10:51:00,2020-08-11 12:48:00,117.0,False,True,True,True,-0.5939300000000003,16.21666666666667
2020-08-12 13:40:00,2020-08-12 14:10:00,30.0,False,False,True,True,-1.1280733333333046,7.763141666666666
2020-08-15 15:24:00,2020-08-15 16:01:00,37.0,False,True,False,True,-0.6307300000000851,5.946133333333334
2020-08-17 01:14:00,2020-08-17 01:33:00,19.0,False,False,False,True,-0.5809333333331779,3.3455083333333335
2020-08-22 01:10:00,2020-08-22 01:33:00,23.0,False,False,False,True,-0.4500816666667333,6.1664
2020-08-23 01:01:00,2020-08-23 01:21:00,20.0,True,False,False,False,-1.6391716666665843,5.621741666666667
2020-08-25 11:54:00,2020-08-25 12:46:00,52.0,False,True,True,True,-0.8643216666666831,12.401250000000001
2020-08-27 01:06:00,2020-08-27 01:33:00,27.0,False,False,True,False,-0.7277250000000777,11.1495
2020-08-27 12:05:00,2020-08-27 12:57:00,52.0,False,True,True,True,-1.0796699999999646,23.843
2020-08-30 21:45:00,2020-08-30 21:59:00,14.0,False,False,True,False,-0.3485933333332696,6.578058333333333
2020-08-31 10:27:00,2020-08-31 10:56:00,29.0,False,False,True,True,-0.8365366666666887,9.905166666666666
2020-09-13 09:12:00,2020-09-13 09:42:00,30.0,False,False,True,True,-0.32435000000009495,5.853533333333333
2020-09-19 00:59:00,2020-09-19 02:32:00,93.0,True,False,True,True,-1.899449999999888,8.231733333333334
2020-09-20 01:01:00,2020-09-20 02:35:00,94.0,True,False,True,True,-2.2065166666665164,9.2555
2020-10-04 23:32:00,2020-10-04 23:54:00,22.0,False,True,False,False,-0.4403466666666418,5.120341666666667
2020-10-15 14:18:00,2020-10-15 14:40:00,22.0,True,False,False,False,-1.4534066666666376,13.588999999999999
2020-10-16 12:34:00,2020-10-16 13:08:00,34.0,True,False,True,False,-1.5195466666667699,11.496333333333332
2020-10-20 11:15:00,2020-10-20 11:40:00,25.0,False,False,True,False,-1.3219616666666525,22.018250000000002
2020-10-21 12:34:00,2020-10-21 12:55:00,21.0,True,False,False,False,-1.480546666666669,19.65041666666667
2020-10-21 14:57:00,2020-10-21 15:26:00,29.0,False,False,True,True,-0.7508050000000139,18.664249999999996
2020-10-30 01:22:00,2020-10-30 01:33:00,11.0,False,False,True,False,-0.7962333333333618,20.153166666666667
2020-10-31 01:09:00,2020-10-31 01:33:00,24.0,False,False,True,False,-0.5389666666667381,19.48016666666667
2020-11-01 12:53:00,2020-11-01 13:24:00,31.0,False,True,True,False,-1.2392833333333328,10.412166666666668
2020-11-02 11:18:00,2020-11-02 11:47:00,29.0,True,False,True,False,-1.5792900000000145,19.2725
2020-11-07 01:01:00,2020-11-07 01:28:00,27.0,True,False,False,False,-1.8256750000000466,6.073391666666666
2020-11-08 12:04:00,2020-11-08 12:33:00,29.0,True,False,True,False,-1.515716666666549,24.12616666666667
2020-11-25 14:20:00,2020-11-25 15:16:00,56.0,True,False,True,False,-2.2758166666666284,12.982333333333333
2020-12-04 01:07:00,2020-12-04 01:33:00,26.0,False,False,True,False,-0.7385166666666692,27.58375
2020-12-19 01:18:00,2020-12-19 01:33:00,15.0,False,False,True,False,-0.3869166666668207,19.786
2020-12-19 13:02:00,2020-12-19 13:31:00,29.0,True,False,True,False,-1.7291333333333796,26.997833333333332
2020-12-21 01:01:00,2020-12-21 01:31:00,30.0,True,False,True,False,-1.697016666666741,17.79
2020-12-27 10:14:00,2020-12-27 14:50:00,276.0,True,True,True,True,-2.053700000000049,9.525083333333335
2020-12-27 22:31:00,2020-12-27 23:00:00,29.0,False,False,True,True,-0.8602166666667017,6.317125000000001
2021-01-02 01:14:00,2021-01-02 01:33:00,19.0,False,False,True,False,-0.506800000000112,10.865833333333333
2021-01-16 12:18:00,2021-01-16 13:39:00,81.0,False,True,True,False,-1.4196666666666715,20.145000000000003
2021-01-21 12:25:00,2021-01-21 12:39:00,14.0,False,False,False,True,-1.3071666666666033,7.199766666666666
2021-02-02 01:01:00,2021-02-02 01:22:00,21.0,True,False,False,False,-1.4721833333333052,4.290541666666667
2021-02-11 02:20:00,2021-02-11 03:01:00,41.0,False,False,True,True,-0.5593000000000075,13.423166666666667
2021-02-11 05:39:00,2021-02-11 06:29:00,50.0,False,False,True,True,0.26908000000003085,10.9055
2021-02-11 09:49:00,2021-02-11 10:19:00,30.0,False,False,True,True,-0.18792000000007647,7.244716666666667
2021-02-20 01:09:00,2021-02-20 01:33:00,24.0,False,False,False,True,-0.961166666666827,3.111416666666667
2021-02-21 01:09:00,2021-02-21 01:33:00,24.0,False,True,False,False,-0.564833333333354,2.7359083333333336
2021-02-21 04:48:00,2021-02-21 05:26:00,38.0,False,True,False,True,0.16736666666668043,3.5800166666666664
2021-03-02 03:32:00,2021-03-02 04:32:00,60.0,False,True,True,True,0.1352833333334047,12.267916666666666
2021-03-04 11:08:00,2021-03-04 11:24:00,16.0,True,False,False,False,-1.6498666666667532,3.8672083333333336
2021-03-04 13:39:00,2021-03-04 16:16:00,157.0,False,True,True,True,-0.8221499999999651,7.751783333333334
2021-03-04 17:29:00,2021-03-04 18:09:00,40.0,False,False,True,True,0.5955000000001291,7.258966666666667
2021-03-04 19:43:00,2021-03-04 20:14:00,31.0,False,False,True,True,0.4205833333331839,9.381833333333333
2021-03-05 02:48:00,2021-03-05 03:22:00,34.0,False,True,True,False,-0.6821999999999662,10.684000000000001
2021-03-05 20:20:00,2021-03-05 20:50:00,30.0,False,False,True,True,0.24926666666658548,8.360141666666667
2021-03-05 22:12:00,2021-03-05 22:56:00,44.0,False,False,True,True,0.4026333333332559,9.158033333333332
2021-03-16 05:35:00,2021-03-16 06:04:00,29.0,False,True,False,True,0.45451666666667734,3.268641666666667
2021-03-17 03:05:00,2021-03-17 04:10:00,65.0,False,True,True,True,-0.515316666666763,9.085916666666666
2021-03-20 02:36:00,2021-03-20 03:34:00,58.0,False,True,True,True,-0.43416500000000724,6.600116666666667
2021-03-20 10:48:00,2021-03-20 11:20:00,32.0,False,True,False,True,-0.6034083333332774,4.095208333333334
2021-03-24 01:01:00,2021-03-24 02:21:00,80.0,True,False,False,True,-1.9777666666666391,4.472283333333333
2021-03-24 14:01:00,2021-03-24 14:39:00,38.0,True,False,False,True,-1.7996166666666795,4.914350000000001
2021-03-27 13:06:00,2021-03-27 13:54:00,48.0,True,True,False,False,-1.4897916666666333,5.319216666666668
2021-04-01 09:06:00,2021-04-01 09:20:00,14.0,False,False,True,False,-0.43703833333336206,7.36425
2021-04-01 12:14:00,2021-04-01 12:28:00,14.0,False,False,False,True,-0.3575899999999592,9.254916666666666
2021-04-01 13:30:00,2021-04-01 14:47:00,77.0,True,False,True,True,-1.5110133333333806,9.443166666666666
2021-04-29 04:09:00,2021-04-29 04:38:00,29.0,False,False,True,True,-0.3349266666666608,9.064916666666669
2021-05-05 11:55:00,2021-05-05 12:51:00,56.0,False,True,True,True,-0.4206166666666604,10.882666666666665
2021-05-08 19:59:00,2021-05-08 20:39:00,40.0,True,False,False,True,-1.8387149999999792,5.198875
2021-05-09 22:38:00,2021-05-09 23:08:00,30.0,True,False,False,True,-2.495209999999929,6.1602
2021-05-29 10:04:00,2021-05-29 10:33:00,29.0,False,False,True,True,-0.9117766666666967,12.740583333333333
2021-05-29 12:36:00,2021-05-29 13:56:00,80.0,True,True,True,True,-1.4951533333332918,14.602916666666667
2021-05-30 04:44:00,2021-05-30 09:01:00,257.0,False,True,True,True,-0.5019716666666909,11.198500000000001
2021-05-30 14:14:00,2021-05-31 04:24:00,850.0,True,True,True,True,-2.7471600000001217,9.264
2021-05-31 12:04:00,2021-07-01 00:58:00,43974.0,False,False,True,True,0.43754666666654884,10.525416666666667
2021-07-05 01:01:00,2021-07-05 01:16:00,15.0,True,False,False,False,-2.712031666666803,3.8760000000000003
2021-07-10 06:03:00,2021-07-10 06:27:00,24.0,False,False,True,False,-0.14283500000010463,5.977691666666667
2021-07-13 19:08:00,2021-07-13 19:50:00,42.0,False,False,True,True,-0.9209350000000995,8.085533333333334
2021-07-15 18:20:00,2021-07-15 18:50:00,30.0,False,False,True,True,-0.14097166666658723,8.013316666666666
2021-07-19 19:20:00,2021-07-19 20:02:00,42.0,False,False,True,True,0.6643650000000889,7.308483333333333
2021-07-20 09:50:00,2021-07-20 10:05:00,15.0,False,False,True,False,-0.06303000000013981,6.337908333333333
2021-07-20 21:36:00,2021-07-20 21:53:00,17.0,False,True,False,False,0.029446666666672172,5.015841666666667
2021-07-22 01:17:00,2021-07-22 02:07:00,50.0,True,False,True,False,-1.7552199999998948,18.623916666666666
2021-07-25 03:42:00,2021-07-25 04:40:00,58.0,False,False,True,True,-0.33717333333333954,8.918724999999998
2021-07-27 05:21:00,2021-07-27 06:16:00,55.0,False,False,True,True,-0.2612699999999677,11.043416666666666
2021-07-27 11:26:00,2021-07-27 11:55:00,29.0,False,True,False,True,-1.0189783333331661,7.869841666666666
2021-07-29 00:35:00,2021-07-29 02:03:00,88.0,True,True,True,True,-2.0565766666667287,13.2285
2021-07-31 14:05:00,2021-07-31 15:42:00,97.0,True,False,True,False,-1.553643333333298,11.586333333333332
2021-08-01 03:38:00,2021-08-01 04:18:00,40.0,False,False,True,True,-1.0535799999998972,9.409791666666667
2021-08-02 03:57:00,2021-08-02 04:26:00,29.0,False,False,True,True,-0.8065333333332774,8.745758333333335
2021-08-02 09:58:00,2021-08-02 10:41:00,43.0,False,False,True,True,-0.691503333333344,9.302841666666666
2021-08-04 12:40:00,2021-08-04 13:29:00,49.0,False,True,True,False,-0.8135866666666516,14.64075
2021-08-04 15:45:00,2021-08-04 16:54:00,69.0,False,True,True,True,-0.4535916666666253,8.429341666666666
2021-08-04 18:00:00,2021-08-04 18:36:00,36.0,False,True,True,True,-0.09860333333324434,5.839216666666666
2021-08-05 07:35:00,2021-08-05 07:55:00,20.0,False,False,True,False,0.7459566666665296,8.675225000000001
2021-08-05 10:17:00,2021-08-05 10:41:00,24.0,False,False,True,False,-0.10611666666659403,8.2777
2021-08-05 22:50:00,2021-08-05 23:19:00,29.0,False,False,True,True,-0.16358499999989817,9.282508333333334
2021-08-06 04:05:00,2021-08-06 05:15:00,70.0,False,True,True,False,-0.7772050000000945,11.733333333333334
2021-08-06 06:42:00,2021-08-06 07:11:00,29.0,False,False,True,True,-0.5662783333333437,8.905874999999998
2021-08-06 12:06:00,2021-08-06 12:35:00,29.0,True,False,True,False,-1.5806766666667045,15.11375
2021-08-06 15:01:00,2021-08-06 15:30:00,29.0,False,False,True,True,-0.7106583333332992,16.4715
2021-08-07 01:01:00,2021-08-07 01:22:00,21.0,True,False,False,False,-2.8809850000000097,19.240499999999997
2021-08-14 09:59:00,2021-08-14 10:19:00,20.0,False,False,True,False,0.055169999999975516,10.930333333333333
2021-08-19 01:10:00,2021-08-19 01:33:00,23.0,False,False,False,True,-0.6159133333334239,4.229791666666667
2021-08-19 17:41:00,2021-08-19 18:36:00,55.0,False,False,True,True,-0.6432066666666287,10.912916666666666
2021-08-22 01:01:00,2021-08-22 01:30:00,29.0,True,False,False,True,-2.6460866666665197,3.9052083333333334
2021-08-25 20:11:00,2021-08-25 20:46:00,35.0,False,False,True,True,0.4270816666665951,6.291741666666667
2021-08-31 01:01:00,2021-08-31 01:19:00,18.0,True,False,False,False,-2.548178333333226,5.2493
2021-09-01 21:31:00,2021-09-01 22:00:00,29.0,False,False,True,True,0.030449999999859756,5.158783333333334
2021-09-08 00:37:00,2021-09-08 01:33:00,56.0,True,False,False,True,-2.5173066666666273,5.078525
2021-09-09 14:49:00,2021-09-09 15:19:00,30.0,False,True,False,True,-0.3836483333332126,4.804408333333333
2021-09-10 01:01:00,2021-09-10 01:32:00,31.0,True,True,False,False,-2.82970499999999,2.007766666666667
2021-09-11 02:38:00,2021-09-11 02:58:00,20.0,True,False,False,False,-1.575146666666683,4.860975
2021-09-11 15:23:00,2021-09-11 15:54:00,31.0,False,False,True,True,-1.376435000000015,5.012425
2021-09-12 00:22:00,2021-09-12 00:53:00,31.0,False,True,False,True,-0.9442833333333738,3.40545
2021-09-12 05:37:00,2021-09-12 06:16:00,39.0,False,False,True,True,0.02101166666670906,5.8757
2021-09-13 11:14:00,2021-09-13 11:47:00,33.0,False,False,True,True,-0.5077783333333628,12.419250000000002
2021-09-13 15:37:00,2021-09-13 16:31:00,54.0,False,False,True,True,-0.3825400000000627,13.31325
2021-09-16 07:04:00,2021-09-16 07:44:00,40.0,False,False,True,True,-0.09964666666667199,6.189833333333333
2021-09-22 01:01:00,2021-09-22 01:27:00,26.0,True,False,False,False,-2.254995000000008,3.608425
2021-09-24 03:04:00,2021-09-24 03:33:00,29.0,False,True,False,True,-0.2698333333332812,3.1741666666666664
2021-09-24 13:20:00,2021-09-24 14:21:00,61.0,True,False,True,True,-1.5126099999999951,9.955
2021-10-01 01:01:00,2021-10-01 01:33:00,32.0,True,False,False,True,-2.2156333333333578,4.2401583333333335
2021-10-05 01:01:00,2021-10-05 01:30:00,29.0,True,True,False,False,-3.0532533333332594,1.7748833333333334
2021-10-10 16:24:00,2021-10-10 16:57:00,33.0,False,True,False,True,0.14091333333328748,3.8553916666666668
2021-10-10 18:30:00,2021-10-10 19:19:00,49.0,False,False,True,True,0.1579783333334035,11.423833333333334
2021-10-10 23:08:00,2021-10-10 23:19:00,11.0,False,False,True,False,-1.4232733333334409,19.08716666666667
2021-10-11 01:01:00,2021-10-11 04:23:00,202.0,True,False,True,False,-3.3233150000000933,26.610166666666665
2021-10-11 07:32:00,2021-10-11 08:19:00,47.0,True,False,True,False,-1.9288383333332604,29.098583333333334
2021-10-11 10:11:00,2021-10-11 13:40:00,209.0,True,False,True,False,-2.02149333333341,34.23083333333333
2021-10-12 01:08:00,2021-10-12 01:33:00,25.0,False,False,True,False,-0.5581950000000688,24.34258333333333
2021-10-12 02:57:00,2021-10-12 03:24:00,27.0,True,False,False,False,-1.600576666666825,22.845416666666665
2021-10-13 07:27:00,2021-10-13 07:52:00,25.0,False,False,True,False,1.2471866666666074,8.077950000000001
2021-10-13 14:06:00,2021-10-13 14:33:00,27.0,False,False,False,True,-0.056911666666678684,3.7922833333333332
2021-10-17 01:20:00,2021-10-17 01:33:00,13.0,False,False,True,False,-0.4331166666667059,27.818666666666665
2021-10-21 01:06:00,2021-10-21 01:33:00,27.0,False,False,False,True,-0.7726000000000113,3.024325
